URL,Status,New URL,,
Random resources,,,"This page is sorted, but might not have all the links from the bulk page. Please share",
http://hackersurfing.com/,,,https://docs.google.com/forms/d/153N3y9EsUSzbPuybZT3zATLJAgxh9-TibLIhKtVrSzE/viewform,Form Link
https://techmeabroad.com/,,,,
http://www.yourrate.co/,,,Calculate full-time freelance rates,
Women In Tech,,,,
https://www.powertofly.com/jobs,,,matches women in tech with jobs,
Charleston,,,,
http://www.charlestonworks.com/,,,,
http://www.charlestondigitalcorridor.com/talent/jobs/,,,,
Travel based,,,,
http://www.remoteyear.com/,,,,
Socially curated lists of jobs,,,,
http://whereis-whoishiring-hiring.me/,,,,
http://hnhiring.me/,,,,
Node and JS specific,,,,
https://www.npmjs.com/whoshiring,,,,
Jr,,,,
https://www.jrdevjobs.com,,,,
Startup oriented,,,,
https://news.ycombinator.com/jobs,,,,
https://triplebyte.com/,,,,
https://angel.co/jobs,,,,
https://www.producthunt.com/jobs,,,,
http://www.startuply.com/,,,,
Job boards from some cool sites,,,,
https://www.careershift.com,,,job hunt / career management platform,
https://www.themuse.com/jobs,,,,
https://hired.com/,,,,
https://www.ziprecruiter.com/jobs,,,,
http://codepen.io/jobs,,,,
http://nomadjobs.io/,,,now https://remoteok.io/,
http://frontenddeveloperjob.com/,,,,
https://www.linkedin.com/job/home?trk=hb_tab_jobs_top,,,,
http://authenticjobs.com,,,,
http://perks.io,,,,
http://jobety.com/,,,,
http://careers.stackoverflow.com/jobs,,,,
https://jobs.github.com/positions,,,,
http://jobs.smashingmagazine.com/,,,,
http://www.krop.com/,,,,
http://slashdot.org/job_board.pl?job-board.php,,,,
http://dribbble.com/jobs/,,,,
http://www.crunchboard.com/crunchboard.php,,,,
https://gun.io/,,,,
https://coderwall.com/jobs,,,,
http://jsfu.org/,,,,
http://jobs.nodejs.org/a/jobs/list/,,,,
http://www.producthunt.com/jobs,,,,
http://indeed.com,,,,
http://arstechnica.com/jobs/,,,,
https://www.interviewstreet.com/recruit2/,,,,
http://jobs.readwriteweb.com/,,,,
http://jobs.ajaxian.com/,,,,
http://jobs.metafilter.com/,,,,
http://www.freshwebjobs.com/,,,,
http://www.coroflot.com/jobs,,,,
http://jobs.mashable.com/jobs/search/results,,,,
http://jobs.boxesandarrows.com/jobs,,,,
http://www.creativehotlist.com/,,,,
http://www.microlancer.com/freelance-switch/,,,,
http://www.sensationaljobs.com/,,,,
http://www.techinmotionevents.com/jobs,,,,
https://usv.com/jobs,,,,
Exclusively remote,,,,
https://remoteok.io/,,,,
https://weworkremotely.com/,,,,
http://www.workingnomads.co/jobs,,,,
http://remotedigest.com/,,,,
https://remotecoder.io/,,,,
https://jobsremotely.com/,,,,
https://www.wfh.io/,,,,
Mobile app specific,,,,
https://androidjobs.io/,,,,
http://jobs.coreint.org/,,,,
Houston / medical / oil & gas / energy specific,,,,
http://www.biospace.com/jobs/search-results.aspx/,,,,
http://www.memorialhermann.org/careers/career-search/,,,search developer or analyst or engineer,
http://careers.texasmedicalcenter.org/careers,,,,
http://www.houstonmethodistcareers.org/jobs/?schedule=full-time&search_term=developer,,,,
https://sjobs.brassring.com/TGWebHost/home.aspx?partnerid=25765&siteid=5038,,,"search listing, select Information Technology category",
https://ch.tbe.taleo.net/CH12/ats/careers/jobSearch.jsp?org=BCM&cws=1,,,"Baylor College of Medicine, again, select Job Category as Information Technology",
https://sleh.taleo.net/careersection/external/jobsearch.ftl?lang=en,,,"St. Luke's, search for develepor, analyst, or engineer",
https://www.facebook.com/groups/houstondigitaljobs/,,,Digital Jobs,
https://www.facebook.com/groups/437880809643302/,,,Freelancers,
https://www.facebook.com/groups/houstonprogrammers/,,,Houston Programmers,
Creative / Agency specific job listings,,,,
http://www.thefwa.com/jobs,,,,
http://www.awwwards.com/jobs/,,,,
http://www.toptal.com/developers,,,,
Internships and Apprenticeships,,,,
http://codingforinterviews.com/,,,,
https://underdog.io/,,,,
http://www.therotationship.com/,,,,
http://www.internships.com/,,,,
Government / Clearance,,,,
https://www.clearancejobs.com,,,,
Design / UI / UX,,,,
http://www.coroflot.com/jobs,,,,
Freelance,,,,
https://www.freelancer.com/jobs/1/,,,Remote,
https://www.fieldnation.com/,,,"mostly onsite, some remote",
https://www.fieldsolutions.com/wp/,,,Onsite,
https://www.upwork.com/,,,,
http://www.odesk.com,,,,
https://www.elance.com/,,,,
https://www.upwork.com/,,,Remote,
https://www.workmarket.com/,,,Onsite,
https://www.freelancersunion.org/contract-creator/,,,,
https://github.com/ericdodds/the-little-freelancer,,,Open Source Freelance Contract,
"Triangle area, NC",,,,
http://discourse.triangleruby.com/category/jobs,,,Tech Companies with both tech and non-tech jobs,
Ruby / Rails,,,,
http://bigtop.it/jobs/,,,"also Triangle area, NC",
http://jobs.rubynow.com/,,,,
